date,collected_at,category,region,newspaper,headline,url,source_url,status,error_message,topic
2026-07-26,2026-07-26T06:40:52.477554+09:00,全国紙,全国,読売新聞,,,,skipped,robots.txtが一般クローラー/AI系UAを名指しで包括的にDisallow。2024年1月のToS改定で自動収集・生成AI学習目的の収集を明示的に禁止しているため、自動取得の対象外とする。,
2026-07-26,2026-07-26T06:40:52.477554+09:00,全国紙,全国,朝日新聞,「陸渡御」で2400人練り歩く 夜空彩る奉納花火も 大阪・天神祭,http://www.asahi.com/articles/ASV7T1S6BV7TOXIE04GM.html,https://www.asahi.com/rss/asahi/newsheadlines.rdf,ok,,
2026-07-26,2026-07-26T06:40:52.477554+09:00,全国紙,全国,朝日新聞,「日本は新しい世界築く先頭に」長崎で国際シンポ、核廃絶の道考える,http://www.asahi.com/articles/ASV7T3PQNV7TTIPE007M.html,https://www.asahi.com/rss/asahi/newsheadlines.rdf,ok,,
2026-07-26,2026-07-26T06:40:52.477554+09:00,全国紙,全国,朝日新聞,障害者への差別意識「完全に間違い」 やまゆり園事件10年で追悼式,http://www.asahi.com/articles/ASV7T3D48V7TULOB03HM.html,https://www.asahi.com/rss/asahi/newsheadlines.rdf,ok,,
2026-07-26,2026-07-26T06:40:52.477554+09:00,全国紙,全国,朝日新聞,涼やかにエンヤ!伊勢神宮内宮へ御用材運ぶ「川曳」、式年遷宮に向け,http://www.asahi.com/articles/ASV7T33QDV7TOIPE00RM.html,https://www.asahi.com/rss/asahi/newsheadlines.rdf,ok,,
2026-07-26,2026-07-26T06:40:52.477554+09:00,全国紙,全国,朝日新聞,現金輸送中に落ちた2200万円を持ち去る 窃盗の疑いで男を逮捕,http://www.asahi.com/articles/ASV7T2Q9PV7TUNHB00VM.html,https://www.asahi.com/rss/asahi/newsheadlines.rdf,ok,,
2026-07-26,2026-07-26T06:40:52.477554+09:00,全国紙,全国,朝日新聞,住宅街に響く怒号、学校に届いた爆破予告 法整備でも変わらぬヘイト,http://www.asahi.com/articles/ASV7R1W33V7RIIPE003M.html,https://www.asahi.com/rss/asahi/newsheadlines.rdf,ok,,
2026-07-26,2026-07-26T06:40:52.477554+09:00,全国紙,全国,朝日新聞,史上初の5日連続40度超え 岐阜・美濃で酷暑日40.8度,http://www.asahi.com/articles/ASV7S4R1CV7SUEFT00CM.html,https://www.asahi.com/rss/asahi/newsheadlines.rdf,ok,,
2026-07-26,2026-07-26T06:40:52.477554+09:00,全国紙,全国,朝日新聞,川崎市バスが赤信号無視 横断中の小学2年生の男の子にぶつかり搬送,http://www.asahi.com/articles/ASV7T1197V7TULOB003M.html,https://www.asahi.com/rss/asahi/newsheadlines.rdf,ok,,
2026-07-26,2026-07-26T06:40:52.477554+09:00,全国紙,全国,朝日新聞,失踪したのは1mのイグアナ 「専従部隊」も捜索 実は階下にお邪魔,http://www.asahi.com/articles/ASV7S34MQV7SULOB001M.html,https://www.asahi.com/rss/asahi/newsheadlines.rdf,ok,,
2026-07-26,2026-07-26T06:40:52.477554+09:00,全国紙,全国,朝日新聞,「独身偽装」加害に見合う慰謝料は 見えぬ基準、識者は高額化を提案,http://www.asahi.com/articles/ASV7Q1G8GV7QUTIL00KM.html,https://www.asahi.com/rss/asahi/newsheadlines.rdf,ok,,
2026-07-26,2026-07-26T06:40:52.477554+09:00,全国紙,全国,朝日新聞,「事を起こしそうなのは誰?」 日本ハム新庄監督は奈良間に賭けた,http://www.asahi.com/articles/ASV7T3D9TV7TUTQP006M.html,https://www.asahi.com/rss/asahi/newsheadlines.rdf,ok,,
2026-07-26,2026-07-26T06:40:52.477554+09:00,全国紙,全国,朝日新聞,侍ジャパン新監督に井口資仁氏 初の大リーグ経験者 初陣は11月,http://www.asahi.com/articles/ASV7S2JQMV7SUTQP00RM.html,https://www.asahi.com/rss/asahi/newsheadlines.rdf,ok,,
2026-07-26,2026-07-26T06:40:52.477554+09:00,全国紙,全国,朝日新聞,岡本和真、大谷翔平超えの最多本塁打 チームやファンから人気の理由,http://www.asahi.com/articles/ASV7Q313JV7QUTQP013M.html,https://www.asahi.com/rss/asahi/newsheadlines.rdf,ok,,
2026-07-26,2026-07-26T06:40:52.477554+09:00,全国紙,全国,朝日新聞,岡本和真が大谷翔平の記録を更新 新人日本選手最多のシーズン23号,http://www.asahi.com/articles/ASV7C3DKTV7CUTQP012M.html,https://www.asahi.com/rss/asahi/newsheadlines.rdf,ok,,
2026-07-26,2026-07-26T06:40:52.477554+09:00,全国紙,全国,朝日新聞,大岩剛監督のパリ五輪での苦悩 W杯選出「ゼロ」は兼任で解消するか,http://www.asahi.com/articles/ASV7S3VW5V7SUTQP01WM.html,https://www.asahi.com/rss/asahi/newsheadlines.rdf,ok,,
2026-07-26,2026-07-26T06:40:52.477554+09:00,全国紙,全国,朝日新聞,セブン&アイ、東欧のコンビニ大手への出資見送り 条件で合意できず,http://www.asahi.com/articles/ASV7T1VHDV7TULFA007M.html,https://www.asahi.com/rss/asahi/newsheadlines.rdf,ok,,
2026-07-26,2026-07-26T06:40:52.477554+09:00,全国紙,全国,朝日新聞,ジャングリア1年で100万人 代表「残念ながら...」 識者の見方は,http://www.asahi.com/articles/ASV7T13NFV7TTPOB001M.html,https://www.asahi.com/rss/asahi/newsheadlines.rdf,ok,,
2026-07-26,2026-07-26T06:40:52.477554+09:00,全国紙,全国,朝日新聞,日本よ、もっと円安を恐れよ 船橋洋一氏と振り返る経済「戦後敗戦」,http://www.asahi.com/articles/ASV7S1F77V7SULFA008M.html,https://www.asahi.com/rss/asahi/newsheadlines.rdf,ok,,
2026-07-26,2026-07-26T06:40:52.477554+09:00,全国紙,全国,朝日新聞,パラマウントがワーナーの買収延期で合意 訴訟受け最長来年6月まで,http://www.asahi.com/articles/ASV7T0PS2V7TUHBI00BM.html,https://www.asahi.com/rss/asahi/newsheadlines.rdf,ok,,
2026-07-26,2026-07-26T06:40:52.477554+09:00,全国紙,全国,朝日新聞,ユーロ新紙幣にベートーベンやキュリー、ダビンチ ECBが最終候補,http://www.asahi.com/articles/ASV7S4V5NV7SUHBI01JM.html,https://www.asahi.com/rss/asahi/newsheadlines.rdf,ok,,
2026-07-26,2026-07-26T06:40:52.477554+09:00,全国紙,全国,朝日新聞,統一選と同日選めざす維新は「民主主義を愚弄」 公明が都構想で集会,http://www.asahi.com/articles/ASV7T42R7V7TOXIE025M.html,https://www.asahi.com/rss/asahi/newsheadlines.rdf,ok,,
2026-07-26,2026-07-26T06:40:52.477554+09:00,全国紙,全国,朝日新聞,国会前デモを若者らが緊急開催 「国会軽視」「数の横暴」などと訴え,http://www.asahi.com/articles/ASV7T3T75V7TUTIL004M.html,https://www.asahi.com/rss/asahi/newsheadlines.rdf,ok,,
2026-07-26,2026-07-26T06:40:52.477554+09:00,全国紙,全国,朝日新聞,「国々の興亡」決するエネルギー安保 船橋洋一氏が読み解く中東危機,http://www.asahi.com/articles/ASV7S13K0V7SUTFK001M.html,https://www.asahi.com/rss/asahi/newsheadlines.rdf,ok,,
2026-07-26,2026-07-26T06:40:52.477554+09:00,全国紙,全国,朝日新聞,在日米軍司令部が200人超増員、日米連携を強化へ 司令官に聞く,http://www.asahi.com/articles/ASV7S56BKV7SUTFK010M.html,https://www.asahi.com/rss/asahi/newsheadlines.rdf,ok,,
2026-07-26,2026-07-26T06:40:52.477554+09:00,全国紙,全国,朝日新聞,「高市人気」に陰り? 支持率60%→53%へ急落の背景 朝日世論,http://www.asahi.com/articles/ASV7R223BV7RUZPS001M.html,https://www.asahi.com/rss/asahi/newsheadlines.rdf,ok,,
2026-07-26,2026-07-26T06:40:52.477554+09:00,全国紙,全国,朝日新聞,ロシアが北朝鮮兵追加受け入れか 3万人規模とゼレンスキー氏,http://www.asahi.com/articles/ASV7T6JT6V7TUHBI00WM.html,https://www.asahi.com/rss/asahi/newsheadlines.rdf,ok,,
2026-07-26,2026-07-26T06:40:52.477554+09:00,全国紙,全国,朝日新聞,「ゴキブリ人民党」要求実現 インド教育相が辞任、デモ収束へ,http://www.asahi.com/articles/ASV7T3JCHV7TUHBI00SM.html,https://www.asahi.com/rss/asahi/newsheadlines.rdf,ok,,
2026-07-26,2026-07-26T06:40:52.477554+09:00,全国紙,全国,朝日新聞,クウェートとバーレーンも秘密裏にイラン攻撃か 米報道、緊張広がる,http://www.asahi.com/articles/ASV7T3QRKV7TUHBI00MM.html,https://www.asahi.com/rss/asahi/newsheadlines.rdf,ok,,
2026-07-26,2026-07-26T06:40:52.477554+09:00,全国紙,全国,朝日新聞,トランプ氏、記者と夕食会 個人攻撃を繰り返し、3選目指す発言も,http://www.asahi.com/articles/ASV7T24NBV7TUHBI00HM.html,https://www.asahi.com/rss/asahi/newsheadlines.rdf,ok,,
2026-07-26,2026-07-26T06:40:52.477554+09:00,全国紙,全国,朝日新聞,盲目のスーダン出身者、オヤジギャグを連発 秘訣は日本語にどっぷり,http://www.asahi.com/articles/ASV7R251CV7RUHBI00QM.html,https://www.asahi.com/rss/asahi/newsheadlines.rdf,ok,,
2026-07-26,2026-07-26T06:40:52.477554+09:00,全国紙,全国,朝日新聞,藤井聡太名人、挑戦権獲得まであと1勝 王座戦で丸山忠久九段を破る,http://www.asahi.com/articles/ASV7S3TRZV7SUCVL05JM.html,https://www.asahi.com/rss/asahi/newsheadlines.rdf,ok,,
2026-07-26,2026-07-26T06:40:52.477554+09:00,全国紙,全国,朝日新聞,囲碁のタイトル戦「関西棋院第一位決定戦」、今期限りで終了へ,http://www.asahi.com/articles/ASV7S35RYV7SUCVL03TM.html,https://www.asahi.com/rss/asahi/newsheadlines.rdf,ok,,
2026-07-26,2026-07-26T06:40:52.477554+09:00,全国紙,全国,朝日新聞,炎暑の古都、華やか11基清らかに 京都・祇園祭 後祭の山鉾巡行,http://www.asahi.com/articles/ASV7S3CHSV7SPLZB001M.html,https://www.asahi.com/rss/asahi/newsheadlines.rdf,ok,,
2026-07-26,2026-07-26T06:40:52.477554+09:00,全国紙,全国,朝日新聞,フジロックに藤井風もXGも 27年ぶりハイスタは「帰ってきたぜ」,http://www.asahi.com/articles/ASV7S2VXDV7SUCVL02MM.html,https://www.asahi.com/rss/asahi/newsheadlines.rdf,ok,,
2026-07-26,2026-07-26T06:40:52.477554+09:00,全国紙,全国,朝日新聞,「土用の丑」のうなぎは何ウナギ? 食べる前に知っておきたい要点,http://www.asahi.com/articles/ASV7L2Q3JV7LUTFL024M.html,https://www.asahi.com/rss/asahi/newsheadlines.rdf,ok,,
2026-07-26,2026-07-26T06:40:52.477554+09:00,全国紙,全国,朝日新聞,ジュウシマツのさえずりを37年研究 ヒトの言語の起源に迫る,http://www.asahi.com/articles/ASV7S3HG7V7SUTFL00CM.html,https://www.asahi.com/rss/asahi/newsheadlines.rdf,ok,,
2026-07-26,2026-07-26T06:40:52.477554+09:00,全国紙,全国,朝日新聞,500ー52と499ー51なぜ同じ答えに? ドリルで育む考える力,http://www.asahi.com/articles/ASV7L2GL9V7LPLBJ001M.html,https://www.asahi.com/rss/asahi/newsheadlines.rdf,ok,,
2026-07-26,2026-07-26T06:40:52.477554+09:00,全国紙,全国,朝日新聞,女性史研究家の服藤早苗さん死去 著書「平安朝の母と子」,http://www.asahi.com/articles/ASV7S2DRJV7SUCVL02QM.html,https://www.asahi.com/rss/asahi/newsheadlines.rdf,ok,,
2026-07-26,2026-07-26T06:40:52.477554+09:00,全国紙,全国,朝日新聞,作家の赤松利市さんが死去 「住所不定、無職」の肩書でデビュー,http://www.asahi.com/articles/ASV7S269NV7SUCVL02BM.html,https://www.asahi.com/rss/asahi/newsheadlines.rdf,ok,,
2026-07-26,2026-07-26T06:40:52.477554+09:00,全国紙,全国,朝日新聞,山田五郎さん死去、67歳 西洋美術の魅力を紹介 「アド街」出演,http://www.asahi.com/articles/ASV7P4TS7V7PUCVL045M.html,https://www.asahi.com/rss/asahi/newsheadlines.rdf,ok,,
2026-07-26,2026-07-26T06:40:52.477554+09:00,全国紙,全国,毎日新聞,白杖でひとり居酒屋も 好きを諦めない72歳全盲元校長の心がけ,https://mainichi.jp/articles/20260724/k00/00m/040/297000c,https://mainichi.jp/rss/etc/mainichi-flash.rss,ok,,
2026-07-26,2026-07-26T06:40:52.477554+09:00,全国紙,全国,毎日新聞,震災で当初計画は白紙も...検討開始から40年 釜石市役所に新庁舎,https://mainichi.jp/articles/20260725/k00/00m/040/128000c,https://mainichi.jp/rss/etc/mainichi-flash.rss,ok,,
2026-07-26,2026-07-26T06:40:52.477554+09:00,全国紙,全国,毎日新聞,やまゆり園事件10年:「人生終わった」あの日から10年 紡いだ手紙に差した光,https://mainichi.jp/articles/20260725/k00/00m/040/149000c,https://mainichi.jp/rss/etc/mainichi-flash.rss,ok,,
2026-07-26,2026-07-26T06:40:52.477554+09:00,全国紙,全国,毎日新聞,やまゆり園事件10年:娘の名前は「美帆」 記号じゃない 「甲A」を拒んだ母の決意,https://mainichi.jp/articles/20260725/k00/00m/040/145000c,https://mainichi.jp/rss/etc/mainichi-flash.rss,ok,,
2026-07-26,2026-07-26T06:40:52.477554+09:00,全国紙,全国,毎日新聞,旧満州で発行、ウクライナ「幻の辞典」 日本風の造語紹介の謎,https://mainichi.jp/articles/20260723/k00/00m/040/116000c,https://mainichi.jp/rss/etc/mainichi-flash.rss,ok,,
2026-07-26,2026-07-26T06:40:52.477554+09:00,全国紙,全国,毎日新聞,典範改正で変わる女性皇族の環境 仕事、住まい... 残された課題,https://mainichi.jp/articles/20260724/k00/00m/040/152000c,https://mainichi.jp/rss/etc/mainichi-flash.rss,ok,,
2026-07-26,2026-07-26T06:40:52.477554+09:00,全国紙,全国,毎日新聞,国連事務総長が17年ぶりにシリア訪問 暫定大統領に復興支援約束,https://mainichi.jp/articles/20260726/k00/00m/030/002000c,https://mainichi.jp/rss/etc/mainichi-flash.rss,ok,,
2026-07-26,2026-07-26T06:40:52.477554+09:00,全国紙,全国,毎日新聞,島田麻央がシニアデビュー戦で優勝、220点超え アクルス杯,https://mainichi.jp/articles/20260725/k00/00m/050/189000c,https://mainichi.jp/rss/etc/mainichi-flash.rss,ok,,
2026-07-26,2026-07-26T06:40:52.477554+09:00,全国紙,全国,毎日新聞,ミスに乗じ一気に逆転 西武がソフトバンク相手にビッグイニング,https://mainichi.jp/articles/20260725/k00/00m/050/195000c,https://mainichi.jp/rss/etc/mainichi-flash.rss,ok,,
2026-07-26,2026-07-26T06:40:52.477554+09:00,全国紙,全国,毎日新聞,巨人が単独首位に 7番・佐々木がサイクルまであと一歩の活躍,https://mainichi.jp/articles/20260725/k00/00m/050/196000c,https://mainichi.jp/rss/etc/mainichi-flash.rss,ok,,
2026-07-26,2026-07-26T06:40:52.477554+09:00,全国紙,全国,毎日新聞,「イラン最高指導者モジタバ師、核兵器に関心」米情報機関が分析,https://mainichi.jp/articles/20260725/k00/00m/030/183000c,https://mainichi.jp/rss/etc/mainichi-flash.rss,ok,,
2026-07-26,2026-07-26T06:40:52.477554+09:00,全国紙,全国,毎日新聞,「伝統と強みで頂点へ」 侍J、井口監督就任 国際経験に期待,https://mainichi.jp/articles/20260725/k00/00m/050/181000c,https://mainichi.jp/rss/etc/mainichi-flash.rss,ok,,
2026-07-26,2026-07-26T06:40:52.477554+09:00,全国紙,全国,毎日新聞,王毅外相「茂木氏と会話せず」 中国国営メディアが投稿,https://mainichi.jp/articles/20260725/k00/00m/030/180000c,https://mainichi.jp/rss/etc/mainichi-flash.rss,ok,,
2026-07-26,2026-07-26T06:40:52.477554+09:00,全国紙,全国,毎日新聞,レバノンで岡本公三容疑者の葬儀 PFLP指導部らが参列,https://mainichi.jp/articles/20260725/k00/00m/030/177000c,https://mainichi.jp/rss/etc/mainichi-flash.rss,ok,,
2026-07-26,2026-07-26T06:40:52.477554+09:00,全国紙,全国,毎日新聞,夏の夜に揺れる幻想的な提灯 12段組んだ大物も 戸畑祇園大山笠,https://mainichi.jp/articles/20260725/k00/00m/040/169000c,https://mainichi.jp/rss/etc/mainichi-flash.rss,ok,,
2026-07-26,2026-07-26T06:40:52.477554+09:00,全国紙,全国,毎日新聞,共生へ「半ばも行っていない」 19人殺害やまゆり園事件から10年,https://mainichi.jp/articles/20260725/k00/00m/040/172000c,https://mainichi.jp/rss/etc/mainichi-flash.rss,ok,,
2026-07-26,2026-07-26T06:40:52.477554+09:00,全国紙,全国,毎日新聞,3敗対決制し難敵といざ楽日決戦 熱海富士「3度目の正直」なるか,https://mainichi.jp/articles/20260725/k00/00m/050/171000c,https://mainichi.jp/rss/etc/mainichi-flash.rss,ok,,
2026-07-26,2026-07-26T06:40:52.477554+09:00,全国紙,全国,毎日新聞,インド政府も動かした「ゴキブリ」抗議 入試不祥事で教育相辞任,https://mainichi.jp/articles/20260725/k00/00m/030/168000c,https://mainichi.jp/rss/etc/mainichi-flash.rss,ok,,
2026-07-26,2026-07-26T06:40:52.477554+09:00,全国紙,全国,毎日新聞,「チケット高かったけど...」 Tリーグ開幕戦が台湾で盛況の理由,https://mainichi.jp/articles/20260725/k00/00m/050/158000c,https://mainichi.jp/rss/etc/mainichi-flash.rss,ok,,
2026-07-26,2026-07-26T06:40:52.477554+09:00,全国紙,全国,毎日新聞,熊本「八千代座」で狂言会 くまモン、野村万之丞さんらと登場,https://mainichi.jp/articles/20260725/k00/00m/200/148000c,https://mainichi.jp/rss/etc/mainichi-flash.rss,ok,,
2026-07-26,2026-07-26T06:40:52.477554+09:00,全国紙,全国,日本経済新聞,,,,skipped,公式無料RSSなし。著作権ページで自動収集を明確に禁止しているため、自動取得の対象外とする。,
2026-07-26,2026-07-26T06:40:52.477554+09:00,全国紙,全国,産経新聞,遺骨の箱5つ「元気な姿を返して」新名神事故、一家5人死亡の遺族が初めて取材に応じる,https://www.sankei.com/article/20260725-A3SZ7VK3GNMMXL7YBZZO63GW3I/,https://www.sankei.com/,ok,,
2026-07-26,2026-07-26T06:40:52.477554+09:00,全国紙,全国,産経新聞,政府が外国と疑われる不審アカウント把握 高市首相「選挙への影...,https://www.sankei.com/article/20260318-U6PW4754BNE3XKFYBTQWPKM65A/,https://www.sankei.com/,ok,,
2026-07-26,2026-07-26T06:40:52.477554+09:00,全国紙,全国,産経新聞,衆院選で国会議員の部屋割り一変 小沢、岡田、安住氏ら自民に明...,https://www.sankei.com/article/20260304-C5JCVB743FEVZMNEAU76GY4VNQ/,https://www.sankei.com/,ok,,
2026-07-26,2026-07-26T06:40:52.477554+09:00,全国紙,全国,産経新聞,立正佼成会が衆院選で中道103人推薦 公明合流影響か 前回立...,https://www.sankei.com/article/20260303-EHLBLQ2BTRCSVGSJVFHI5TBX4U/,https://www.sankei.com/,ok,,
2026-07-26,2026-07-26T06:40:52.477554+09:00,全国紙,全国,産経新聞,中道落選者ヒアリングに170人 公明出身の比例名簿上位に不満...,https://www.sankei.com/article/20260228-EVZDJVSJZBANXN7Y4DVXWAX5RU/,https://www.sankei.com/,ok,,
2026-07-26,2026-07-26T06:40:52.477554+09:00,全国紙,全国,産経新聞,花火大会中に花火が暴発、打ち上げ船が浸水と通報 福井・高浜、乗船の花火業者2人搬送,https://www.sankei.com/article/20260726-CDIODKPULBLB7AIRJZYHR4TWOA/,https://www.sankei.com/,ok,,
2026-07-26,2026-07-26T06:40:52.477554+09:00,全国紙,全国,産経新聞,<独自>外国人の永住資格、税金納付意思なしや財産隠しで取り消し ガイドライン案判明,https://www.sankei.com/article/20260725-IJNJSWAKKFLTZK4NY4YYGZ2RUY/,https://www.sankei.com/,ok,,
2026-07-26,2026-07-26T06:40:52.477554+09:00,全国紙,全国,産経新聞,キーウ近郊の防衛装備展示イベント現場に攻撃、10人死亡 ロ実効支配地でも子供ら犠牲,https://www.sankei.com/article/20260726-SFNRYNFPTNO7RCJGHKVV6WVKDM/,https://www.sankei.com/,ok,,
2026-07-26,2026-07-26T06:40:52.477554+09:00,全国紙,全国,産経新聞,田んぼに巨大な「マイクラ」見学の小6「正確に作られている」埼玉・行田の田んぼアート,https://www.sankei.com/article/20260726-G2223VYHC5PWBIVV6AFO4LBSXE/,https://www.sankei.com/,ok,,
2026-07-26,2026-07-26T06:40:52.477554+09:00,全国紙,全国,産経新聞,「フォーミュラE」東京・有明で初のナイトレース ティクトゥムが最終周回で逆転優勝,https://www.sankei.com/article/20260725-YET4LFZ34VMXRE52HUXINF6V5Y/,https://www.sankei.com/,ok,,
2026-07-26,2026-07-26T06:40:52.477554+09:00,全国紙,全国,産経新聞,「ゼロパンダ」半年、上野動物園は入園3割減 地元商店街はインバウンドで「脱パンダ」へ,https://www.sankei.com/article/20260725-IUYS2M3GVZPEJOAS7QVA6GADYU/,https://www.sankei.com/,ok,,
2026-07-26,2026-07-26T06:40:52.477554+09:00,全国紙,全国,産経新聞,西武逆転、鮮やかな集中打で一挙6点 西口監督「みんなが気持ちで打ってくれた」,https://www.sankei.com/article/20260725-QASR5IUBH5KMVNGWTZ32DEM3XA/,https://www.sankei.com/,ok,,
2026-07-26,2026-07-26T06:40:52.477554+09:00,全国紙,全国,産経新聞,本気で日本を測りに来た中国、打ち込まれた対日輸出規制「3つの楔」継戦能力、企業心理...,https://www.sankei.com/article/20260725-NK57AUCKAZLF3CGNJX3APADXB4/,https://www.sankei.com/,ok,,
2026-07-26,2026-07-26T06:40:52.477554+09:00,全国紙,全国,産経新聞,「欠陥だらけ」副首都関連法、災害リスクや財政コストを野党追及 透明性確保を政府に注文,https://www.sankei.com/article/20260725-D46QJSO6AFIETCJSN5H2TQCJCQ/,https://www.sankei.com/,ok,,
2026-07-26,2026-07-26T06:40:52.477554+09:00,全国紙,全国,産経新聞,注目の「副首都」第1号は? 大阪や福岡、愛知、北海道が指定に意欲 行政体制などで要件,https://www.sankei.com/article/20260725-L33JRCGJ2ZJJBE2ZMKZWG77WRU/,https://www.sankei.com/,ok,,
2026-07-26,2026-07-26T06:40:52.477554+09:00,全国紙,全国,産経新聞,「AIが駆動する人事3.0:採用・育成・タレントマネジメントの戦略的シフト」8月5日...,https://www.sankei.com/article/20260701-7TY77265CVCN5LQS464VQVIRPI/,https://www.sankei.com/,ok,,
2026-07-26,2026-07-26T06:40:52.477554+09:00,全国紙,全国,産経新聞,「AI時代を生き抜く経理業務DX:強い経理になるための業務・組織改革」7月28日(火...,https://www.sankei.com/article/20260619-WUN7YKCNZ5HZZHX5UICS3VU5YI/,https://www.sankei.com/,ok,,
2026-07-26,2026-07-26T06:40:52.477554+09:00,全国紙,全国,産経新聞,NATO司令部でスパイ、中国系カナダ人の女逮捕,https://www.sankei.com/article/20260726-YD5RMTQWPFOAZDAV5YJ4SRYQ7Y/,https://www.sankei.com/,ok,,
2026-07-26,2026-07-26T06:40:52.477554+09:00,全国紙,全国,産経新聞,中国報道「王毅外相は茂木氏と会話せず」食い違い,https://www.sankei.com/article/20260725-EJLN6PRGVBMBJHD7QDYEDYDSRY/,https://www.sankei.com/,ok,,
2026-07-26,2026-07-26T06:40:52.477554+09:00,全国紙,全国,産経新聞,現金輸送中に落ちた2千万円入り袋持ち去る 逮捕,https://www.sankei.com/article/20260725-LHDPBJCOO5IQHB6STVKFISD7XU/,https://www.sankei.com/,ok,,
2026-07-26,2026-07-26T06:40:52.477554+09:00,全国紙,全国,東京新聞,障害者の家族が抱く「押しつけ感」 やまゆり園事件が起きた神奈川県が進める「当事者目線の福祉」の行方は,https://www.tokyo-np.co.jp/article/503692,https://www.tokyo-np.co.jp/,ok,,
2026-07-26,2026-07-26T06:40:52.477554+09:00,全国紙,全国,東京新聞,「ルールに従う」だけでいい? SEALDsで「権力を疑う感覚」養った弁護士・久道瑛未さんの危機感,https://www.tokyo-np.co.jp/article/503266,https://www.tokyo-np.co.jp/,ok,,
2026-07-26,2026-07-26T06:40:52.477554+09:00,全国紙,全国,東京新聞,過労死などの労災請求件数は増加の一途 なのに労働時間規制緩和を目指す高市政権の「本末転倒」,https://www.tokyo-np.co.jp/article/503666,https://www.tokyo-np.co.jp/,ok,,
2026-07-26,2026-07-26T06:40:52.477554+09:00,全国紙,全国,東京新聞,高市政権「消費税減税」「所得連動給付」の財源は? 元内閣府政策統括官の林伴子氏が指摘する優先順位,https://www.tokyo-np.co.jp/article/503699,https://www.tokyo-np.co.jp/,ok,,
2026-07-26,2026-07-26T06:40:52.477554+09:00,全国紙,全国,東京新聞,コロナ後遺症の障害者手帳認定、東京都が始めた新たな調査手法は? 患者の願いは「実情に基づいて」,https://www.tokyo-np.co.jp/article/503718,https://www.tokyo-np.co.jp/,ok,,
2026-07-26,2026-07-26T06:40:52.477554+09:00,全国紙,全国,東京新聞,ロシア、北朝鮮兵3万人要求か ゼレンスキー大統領が主張,https://www.tokyo-np.co.jp/article/503740,https://www.tokyo-np.co.jp/,ok,,
2026-07-26,2026-07-26T06:40:52.477554+09:00,全国紙,全国,東京新聞,「世界的に見て時代遅れ」のリニア、本当に必要? 静岡県もついに着工を容認したけれど,https://www.tokyo-np.co.jp/article/503720,https://www.tokyo-np.co.jp/,ok,,
2026-07-26,2026-07-26T06:40:52.477554+09:00,全国紙,全国,東京新聞,「社会の片隅」で生きる人々に目を向けて 自らのルーツと向き合った、井沢泰樹さんはラジオで語りかける,https://www.tokyo-np.co.jp/article/503721,https://www.tokyo-np.co.jp/,ok,,
2026-07-26,2026-07-26T06:40:52.477554+09:00,全国紙,全国,東京新聞,注目集める食文化、ワイン醸造は世界最古のジョージア 知日派の大使自ら発信「今こそ深く知ってもらう」,https://www.tokyo-np.co.jp/article/503386,https://www.tokyo-np.co.jp/,ok,,
2026-07-26,2026-07-26T06:40:52.477554+09:00,全国紙,全国,東京新聞,重度障がい者が起業し、障がい者雇用率は17.45% 深い人生経験と人の弱さ知る心が会社を成長させた,https://www.tokyo-np.co.jp/article/502042,https://www.tokyo-np.co.jp/,ok,,
2026-07-26,2026-07-26T06:40:52.477554+09:00,全国紙,全国,東京新聞,高市政権の支持率急落 強引な国会運営に「集中砲火」〈7月19日~25日〉,https://www.tokyo-np.co.jp/article/503722,https://www.tokyo-np.co.jp/,ok,,
2026-07-26,2026-07-26T06:40:52.477554+09:00,全国紙,全国,東京新聞,相模原殺傷事件、「風化」9割超 障害者家族、地域移行施策に不安,https://www.tokyo-np.co.jp/article/503737,https://www.tokyo-np.co.jp/,ok,,
2026-07-26,2026-07-26T06:40:52.477554+09:00,全国紙,全国,東京新聞,〈政治まんが〉「特効薬」 佐藤正明傑作選「一笑両断2」販売中,https://www.tokyo-np.co.jp/article/503680,https://www.tokyo-np.co.jp/,ok,,
2026-07-26,2026-07-26T06:40:52.477554+09:00,全国紙,全国,東京新聞,改正医療的ケア児支援法は「重症心身障害者」も対象に 野田聖子議連会長「社会の考え方を変える法律に」,https://www.tokyo-np.co.jp/article/503655,https://www.tokyo-np.co.jp/,ok,,
2026-07-26,2026-07-26T06:40:52.477554+09:00,全国紙,全国,東京新聞,トランプ氏、イラン空爆中止指示 理由は不明、協議進展に期待か,https://www.tokyo-np.co.jp/article/503739,https://www.tokyo-np.co.jp/,ok,,
2026-07-26,2026-07-26T06:40:52.477554+09:00,全国紙,全国,東京新聞,〈動画〉望月衣塑子記者が小泉防衛大臣会見を解説 自衛隊が一般人の情報収集か...思想信条から性的嗜好まで,https://www.tokyo-np.co.jp/article/503416,https://www.tokyo-np.co.jp/,ok,,
2026-07-26,2026-07-26T06:40:52.477554+09:00,全国紙,全国,東京新聞,〈動画〉望月衣塑子記者が中道・小川代表の会見を解説 どうなる国会?「副首都」法案めぐり与野党が攻防,https://www.tokyo-np.co.jp/article/503415,https://www.tokyo-np.co.jp/,ok,,
2026-07-26,2026-07-26T06:40:52.477554+09:00,全国紙,全国,東京新聞,〈動画〉「愛子天皇」の可能性は? 署名活動する元文春編集長・木俣正剛氏に望月衣塑子記者が聞く,https://www.tokyo-np.co.jp/article/503375,https://www.tokyo-np.co.jp/,ok,,
2026-07-26,2026-07-26T06:40:52.477554+09:00,全国紙,全国,東京新聞,したまちの夏の夜を彩る大輪の花 隅田川花火大会、2万発に大歓声,https://www.tokyo-np.co.jp/article/503695,https://www.tokyo-np.co.jp/,ok,,
2026-07-26,2026-07-26T06:40:52.477554+09:00,全国紙,全国,東京新聞,リラックマが打ち水で涼運ぶ...温度はどれくらい下がった? 「エンタの街 日比谷 打ち水月間」8月末まで,https://www.tokyo-np.co.jp/article/503250,https://www.tokyo-np.co.jp/,ok,,
2026-07-26,2026-07-26T06:40:52.477554+09:00,全国紙,全国,中日新聞,「楽しい旅行だったはずが...」 新名神事故で犠牲の静岡・袋井の一家遺族、現実受け止めきれず,https://www.chunichi.co.jp/article/1286638,https://www.chunichi.co.jp/,ok,,
2026-07-26,2026-07-26T06:40:52.477554+09:00,全国紙,全国,中日新聞,「民間の3倍融資してもらった」贈賄側男性、周囲に話す 日本政策金融公庫元職員収賄事件,https://www.chunichi.co.jp/article/1286654,https://www.chunichi.co.jp/,ok,,
2026-07-26,2026-07-26T06:40:52.477554+09:00,全国紙,全国,中日新聞,福井・高浜で花火業者2人がけが 「花火が暴発し船が浸水」と通報,https://www.chunichi.co.jp/article/1286663,https://www.chunichi.co.jp/,ok,,
2026-07-26,2026-07-26T06:40:52.477554+09:00,全国紙,全国,中日新聞,【動画】三重・紀北町できほく燈籠祭 大仕掛け「彩雲孔雀」などに歓声,https://www.chunichi.co.jp/article/1286417,https://www.chunichi.co.jp/,ok,,
2026-07-26,2026-07-26T06:40:52.477554+09:00,全国紙,全国,中日新聞,愛知、名古屋に「副首都として日本引っ張って」 大阪府の吉村洋文知事,https://www.chunichi.co.jp/article/1286563,https://www.chunichi.co.jp/,ok,,
2026-07-26,2026-07-26T06:40:52.477554+09:00,全国紙,全国,中日新聞,おいでんまつり、最後の夏始まる 約2千人が「総踊り」,https://www.chunichi.co.jp/article/1286574,https://www.chunichi.co.jp/,ok,,
2026-07-26,2026-07-26T06:40:52.477554+09:00,全国紙,全国,中日新聞,5艘のまきわら船きらびやか 日本三大川まつりの一つ「尾張津島天王祭」宵祭,https://www.chunichi.co.jp/article/1286622,https://www.chunichi.co.jp/,ok,,
2026-07-26,2026-07-26T06:40:52.477554+09:00,全国紙,全国,中日新聞,【動画・写真多数】桑名水郷花火大会 1万発の打ち上げ花火やドローンショーが観客を魅了,https://www.chunichi.co.jp/article/1286404,https://www.chunichi.co.jp/,ok,,
2026-07-26,2026-07-26T06:40:52.477554+09:00,全国紙,全国,中日新聞,5日連続で酷暑日観測、過去最長更新 岐阜県美濃市で40・8度,https://www.chunichi.co.jp/article/1286376,https://www.chunichi.co.jp/,ok,,
2026-07-26,2026-07-26T06:40:52.477554+09:00,全国紙,全国,中日新聞,植松聖死刑囚はなぜ独善的な考えに傾倒していったか...やまゆり事件を追い続けたライター・渡辺一史さんの視点は,https://www.chunichi.co.jp/article/1286498,https://www.chunichi.co.jp/,ok,,
2026-07-26,2026-07-26T06:40:52.477554+09:00,全国紙,全国,中日新聞,中日・井上監督、「打ちあぐねたというか攻め切れなかった」バースデーに今季9度目の零封負け「こっちに流れを持ってこれなかった」,https://www.chunichi.co.jp/article/1286632,https://www.chunichi.co.jp/,ok,,
2026-07-26,2026-07-26T06:40:52.477554+09:00,全国紙,全国,中日新聞,「移民ビジネス」外国人の受け入れを巡る現実と課題,https://www.chunichi.co.jp/article/1233264,https://www.chunichi.co.jp/,ok,,
2026-07-26,2026-07-26T06:40:52.477554+09:00,全国紙,全国,中日新聞,【南山大&中日新聞ポッドキャスト企画】アメリカを考える~独立宣言から250年の大変動,https://www.chunichi.co.jp/article/1270383,https://www.chunichi.co.jp/,ok,,
2026-07-26,2026-07-26T06:40:52.477554+09:00,全国紙,全国,中日新聞,【第1部・外国人団地】共生を目指す外国人労働者の姿を描く,https://www.chunichi.co.jp/article/1237076,https://www.chunichi.co.jp/,ok,,
2026-07-26,2026-07-26T06:40:52.477554+09:00,全国紙,全国,中日新聞,読者が選んだグッとコラム大賞は...?,https://www.chunichi.co.jp/article/1230731,https://www.chunichi.co.jp/,ok,,
2026-07-26,2026-07-26T06:40:52.477554+09:00,全国紙,全国,中日新聞,【デジタル地図】南海トラフ巨大地震の想定震度マップ。あなたの地域の想定震度をチェック,https://www.chunichi.co.jp/article/1046009,https://www.chunichi.co.jp/,ok,,
2026-07-26,2026-07-26T06:40:52.477554+09:00,全国紙,全国,中日新聞,【動画】アジア・アジアパラ大会のPRラッピング列車出発 名古屋市営地下鉄東山線,https://www.chunichi.co.jp/article/1285374,https://www.chunichi.co.jp/,ok,,
2026-07-26,2026-07-26T06:40:52.477554+09:00,全国紙,全国,中日新聞,【動画】命の現場、ドクターカーに24時間密着 名古屋市立大学病院の救急災害医療センター,https://www.chunichi.co.jp/article/1282595,https://www.chunichi.co.jp/,ok,,
2026-07-26,2026-07-26T06:40:52.477554+09:00,全国紙,全国,中日新聞,地上に舞い降りたUFO!? 愛西市の田園地帯に防災倉庫,https://www.chunichi.co.jp/article/1286615,https://www.chunichi.co.jp/,ok,,
2026-07-26,2026-07-26T06:40:52.477554+09:00,地方紙,北海道,北海道新聞,,,,skipped,公式RSSはあるが、見出し・本文の公開(再配信)を認めない旨の規約があるため自動取得の対象外とする。,
2026-07-26,2026-07-26T06:40:52.477554+09:00,地方紙,宮城,河北新報,,,,skipped,robots.txtが/rss/をDisallowしておりRSS購読不可。私的利用限定・二次利用禁止の規約があるため自動取得の対象外とする。,
2026-07-26,2026-07-26T06:40:52.477554+09:00,地方紙,新潟,新潟日報,,,,skipped,利用規約でデータマイニング・テキストマイニング・AI学習目的の情報処理・解析利用を明示的に禁止しているため自動取得の対象外とする。,
2026-07-26,2026-07-26T06:40:52.477554+09:00,地方紙,長野,信濃毎日新聞,長野県知事選、候補者2人の違い際立つ 関心高い物価高対策や生活支援を巡る主張07/26 06:06知事選(8月9日投開票)は25日、告示後初の週末を迎え、ともに無所属で、5選を目指す現職の阿部守一氏(65)、新人で共産党県委員会副委員長の武田良介氏(46)は各地で論戦を繰り広げた。県民の関心が高い物価高対策や生活支援を巡り序盤戦では、阿部氏が持続的な賃上げ環境の整備や技術革新への対応など中長期を見据えた訴えを展開...,https://www.shinmai.co.jp/news/article/gf01d9ib7ri374791srbrjv0,https://www.shinmai.co.jp/,ok,,
2026-07-26,2026-07-26T06:40:52.477554+09:00,地方紙,長野,信濃毎日新聞,熊の麻酔銃猟、装備一式150万円に免許も必要 担い手足りず長野県に支援求める動き07/26 06:04,https://www.shinmai.co.jp/news/article/gf01d9i78vq374791srbqqsg,https://www.shinmai.co.jp/,ok,,
2026-07-26,2026-07-26T06:40:52.477554+09:00,地方紙,長野,信濃毎日新聞,「絶滅の危険性が極めて高い」アカモズ、飯田市立動物園で飼育・公開07/26 06:03,https://www.shinmai.co.jp/news/article/gf01d9i6unjobcmkr5fmpu90,https://www.shinmai.co.jp/,ok,,
2026-07-26,2026-07-26T06:40:52.477554+09:00,地方紙,長野,信濃毎日新聞,佐久長聖高で全幅の信頼を寄せ合う4人 インターハイの陸上女子学校対抗優勝を目指す07/26 06:02,https://www.shinmai.co.jp/news/article/gf01d9i6dti374791srbqlb0,https://www.shinmai.co.jp/,ok,,
2026-07-26,2026-07-26T06:40:52.477554+09:00,地方紙,長野,信濃毎日新聞,きかんしゃトーマスで物語の世界へ 今こそ乗りたい大井川鉄道【鉄たび 村井美樹のガタゴトGO!】07/26 06:01,https://www.shinmai.co.jp/news/article/gf01d9fn79tnt8tr77sf3240,https://www.shinmai.co.jp/,ok,,
2026-07-26,2026-07-26T06:40:52.477554+09:00,地方紙,長野,信濃毎日新聞,壊れた立法府 憲法も民意も置き去りに (論説主幹 五十嵐裕)07/26 06:01,https://www.shinmai.co.jp/news/article/gf01d9hfq4jobcmkr5fmlua0,https://www.shinmai.co.jp/,ok,,
2026-07-26,2026-07-26T06:40:52.477554+09:00,地方紙,長野,信濃毎日新聞,1おくやみ(7月26日付),https://www.shinmai.co.jp/news/article/gf01d9i8u3a374791srbr88g,https://www.shinmai.co.jp/,ok,,
2026-07-26,2026-07-26T06:40:52.477554+09:00,地方紙,長野,信濃毎日新聞,3山雅の石崎監督「攻撃も守備も仕上がり80%」 進む新戦力の融合、J2甲府に快勝,https://www.shinmai.co.jp/news/article/gf01d9ib3krobcmkr5fmqp50,https://www.shinmai.co.jp/,ok,,
2026-07-26,2026-07-26T06:40:52.477554+09:00,地方紙,長野,信濃毎日新聞,4スーパー8社は全て増収 長野県の小売業売上高ランキング 2025年度,https://www.shinmai.co.jp/news/article/gf01d9hhjobobcmkr5fmmh1g,https://www.shinmai.co.jp/,ok,,
2026-07-26,2026-07-26T06:40:52.477554+09:00,地方紙,長野,信濃毎日新聞,6AC長野、得点力に改善の兆し アンテロープ塩尻から5ゴール サッカー長野県選手権準決勝,https://www.shinmai.co.jp/news/article/gf01d9ib97i374791srbrk5g,https://www.shinmai.co.jp/,ok,,
2026-07-26,2026-07-26T06:40:52.477554+09:00,地方紙,長野,信濃毎日新聞,7おくやみ速報(7月26日付分),https://www.shinmai.co.jp/news/article/gf01d9i8trq374791srbr87g,https://www.shinmai.co.jp/,ok,,
2026-07-26,2026-07-26T06:40:52.477554+09:00,地方紙,長野,信濃毎日新聞,9従業員が一斉退職、事業継続困難に 松本市の障害者施設、利用者の大半受け皿未定,https://www.shinmai.co.jp/news/article/gf01d9hlili374791srbois0,https://www.shinmai.co.jp/,ok,,
2026-07-26,2026-07-26T06:40:52.477554+09:00,地方紙,長野,信濃毎日新聞,10アンテロープ塩尻、見せ場作ったが「強度が違った」 サッカー長野県選手権準決勝,https://www.shinmai.co.jp/news/article/gf01d9ib9bq374791srbrk7g,https://www.shinmai.co.jp/,ok,,
2026-07-26,2026-07-26T06:40:52.477554+09:00,地方紙,長野,信濃毎日新聞,21歳で再び高校生に 元担任との再会、「恩返し」で挑んだことは長野県主要くらし・話題ウェブオリジナルイブニング信毎朝日新聞コラボ「いつも、どこかで」07/24 17:00,https://www.shinmai.co.jp/news/article/gf01d9fhge3bbaif2vd4ojm0,https://www.shinmai.co.jp/,ok,,
2026-07-26,2026-07-26T06:40:52.477554+09:00,地方紙,長野,信濃毎日新聞,この1冊で上高地の動植物が分かる 「上高地いきもの図鑑」 自然公園財団上高地支部・前田篤史さん出版〈山と人と信州と〉長野県社会信州の山ウェブオリジナル山と人と信州と北アルプス07/24 06:04,https://www.shinmai.co.jp/news/article/gf01d9dijkdnt8tr77seq38g,https://www.shinmai.co.jp/,ok,,
2026-07-26,2026-07-26T06:40:52.477554+09:00,地方紙,長野,信濃毎日新聞,信州山レポート 山岳情報ぎゅっとお届け長野県社会安全登山・遭難信州の山ウェブオリジナル07/23 20:35,https://www.shinmai.co.jp/news/article/SHEX2026071400004787,https://www.shinmai.co.jp/,ok,,
2026-07-26,2026-07-26T06:40:52.477554+09:00,地方紙,長野,信濃毎日新聞,学校登山を手伝いに北アルプスの女王・燕岳へ 大きな事故なく下山して思ったこと長野県社会信州の山ウェブオリジナル北アルプスタカシが行く安曇野市07/23 18:00,https://www.shinmai.co.jp/news/article/gf01d9g8c5bbbaif2vd4sps0,https://www.shinmai.co.jp/,ok,,
2026-07-26,2026-07-26T06:40:52.477554+09:00,地方紙,長野,信濃毎日新聞,「まっちゃん」の足跡を追って長野県くらし・話題東信ウェブオリジナルイブニング信毎コラム「硬面軟面」上田市07/23 06:05,https://www.shinmai.co.jp/news/article/gf01d9gbmkrbbaif2vd4tnbg,https://www.shinmai.co.jp/,ok,,
2026-07-26,2026-07-26T06:40:52.477554+09:00,地方紙,長野,信濃毎日新聞,【4コマ】「長野県民の海」で運命の出会い!?【ここがわからんばい!信州】長野県主要くらし・話題ウェブオリジナルここがわからんばい!信州07/21 11:30,https://www.shinmai.co.jp/news/article/gf01d9fbqjjbbaif2vd4nbu0,https://www.shinmai.co.jp/,ok,,
2026-07-26,2026-07-26T06:40:52.477554+09:00,地方紙,長野,信濃毎日新聞,暑すぎる夏に新たな呼称が誕生 40度以上の「酷暑日」にどう対応するか長野県社会気象・災害ウェブオリジナルイブニング信毎語る@信州長野地方気象台07/21 06:02,https://www.shinmai.co.jp/news/article/gf01d9bo84jbbaif2vd47bf0,https://www.shinmai.co.jp/,ok,,
2026-07-26,2026-07-26T06:40:52.477554+09:00,地方紙,静岡,静岡新聞,,,https://www.at-s.com/,error,405 Client Error: Not Allowed for url: https://www.at-s.com/,
2026-07-26,2026-07-26T06:40:52.477554+09:00,地方紙,京都,京都新聞,人事異動ポータル,https://www.kyoto-np.co.jp/articles/-/1250583,https://www.kyoto-np.co.jp/,ok,,
2026-07-26,2026-07-26T06:40:52.477554+09:00,地方紙,京都,京都新聞,速報独で性的少数者イベントに車、負傷者と報道,https://www.kyoto-np.co.jp/articles/-/1758557,https://www.kyoto-np.co.jp/,ok,,
2026-07-26,2026-07-26T06:40:52.477554+09:00,地方紙,京都,京都新聞,京都の繁華街「安産祈願の寺」にアパレル店出現、祇園祭前夜は「大音量DJ音楽」 一体何が?【動画あり】4:55市内京都随一の繁華街、新京極通の南側入り口近くにひっそりとたたずむ小さな寺の境内に5月、アパレルショップが登場した。本堂と屋根続きの建物内に斬...,https://www.kyoto-np.co.jp/articles/-/1756791,https://www.kyoto-np.co.jp/,ok,,
2026-07-26,2026-07-26T06:40:52.477554+09:00,地方紙,京都,京都新聞,京都市で発生する食中毒の患者「4倍」に増えた背景は 対策強化で衛生管理の業務集約へ5:05市内京都市内で近年増加している民泊のトラブルや食中毒に対する監視指導、調査の体制を強化するため、市は各区役所・支所にある「医療衛生コーナー」を...,https://www.kyoto-np.co.jp/articles/-/1758351,https://www.kyoto-np.co.jp/,ok,,
2026-07-26,2026-07-26T06:40:52.477554+09:00,地方紙,京都,京都新聞,京都市の東西を通る「綾小路通」に残る歴史の痕跡 源頼政に新選組、江戸時代の大学者も5:20市内京都市中きっての繁華街を形成する四条通を一本南に下った位置にあるのが綾小路通。東は寺町通から、西は天神川を越えたあたりまで伸びています。仮...,https://www.kyoto-np.co.jp/articles/-/1757687,https://www.kyoto-np.co.jp/,ok,,
2026-07-26,2026-07-26T06:40:52.477554+09:00,地方紙,京都,京都新聞,20代、30代の記者たちが「気になるテーマ」を選択、多彩なレポートお届けします5:00京都オールドメディアとも言われる新聞ですが、京都新聞には20~30代の記者が数多くおり、京都や滋賀を取材で歩き回っています。入社10年以下の若...,https://www.kyoto-np.co.jp/articles/-/1752279,https://www.kyoto-np.co.jp/,ok,,
2026-07-26,2026-07-26T06:40:52.477554+09:00,地方紙,京都,京都新聞,大津市の石山寺で「非公開」の建物で読書に親しむ企画 源氏物語や島崎藤村の作品並ぶ5:50地域大津市の石山寺で25日、夏の特別企画「夏安居(げあんご)」が始まった。文豪・島崎藤村が滞在し、普段は非公開の密蔵院で読書を楽しむことができ...,https://www.kyoto-np.co.jp/articles/-/1758327,https://www.kyoto-np.co.jp/,ok,,
2026-07-26,2026-07-26T06:40:52.477554+09:00,地方紙,京都,京都新聞,京都府北部の「国内最大産地」が直面する「技能継承問題」 織物業下支えする仕組みどうつなぐ?5:40地域京都府北部の和装産地である丹後地域で機械の不具合を直す「織機調整」の技術継承が課題になっている。専門知識を持つ技術者の高齢化が進んでおり、...,https://www.kyoto-np.co.jp/articles/-/1756989,https://www.kyoto-np.co.jp/,ok,,
2026-07-26,2026-07-26T06:40:52.477554+09:00,地方紙,京都,京都新聞,滋賀県東部の八日市でなぜ地蔵菩薩を多く見かけるのか 「神仏習合」がはぐくんだ独自の景観5:35地域今回ご紹介する八日市駅は、太郎坊宮が鎮まる赤神山の山下に広がる、八日市町市街地の玄関口として、多くの人々に利用されている駅です。東近江市の...,https://www.kyoto-np.co.jp/articles/-/1757119,https://www.kyoto-np.co.jp/,ok,,
2026-07-26,2026-07-26T06:40:52.477554+09:00,地方紙,京都,京都新聞,【全国高校野球京都大会】過去にもあった「本命」不在の大会 混迷の中、鳥羽高校や東山高校が力を発揮4:45京都,https://www.kyoto-np.co.jp/articles/-/1757159,https://www.kyoto-np.co.jp/,ok,,
2026-07-26,2026-07-26T06:40:52.477554+09:00,地方紙,京都,京都新聞,【1990年代の夏の全国高校野球京都大会】王者・平安高校が完全復活/京都府北部勢が悲願達成4:45京都,https://www.kyoto-np.co.jp/articles/-/1752918,https://www.kyoto-np.co.jp/,ok,,
2026-07-26,2026-07-26T06:40:52.477554+09:00,地方紙,京都,京都新聞,京セラの前社長が振り返る「激動の9年間」と事業改革 迷った時の指針は稲盛和夫氏の「フィロソフィ」7月25日市内,https://www.kyoto-np.co.jp/articles/-/1757805,https://www.kyoto-np.co.jp/,ok,,
2026-07-26,2026-07-26T06:40:52.477554+09:00,地方紙,京都,京都新聞,【全国高校野球京都大会】準決勝で生まれたドラマ 立命館宇治高校は再試合目前にエース激走 鳥羽高校は公立校同士の対決制す7月25日京都,https://www.kyoto-np.co.jp/articles/-/1756263,https://www.kyoto-np.co.jp/,ok,,
2026-07-26,2026-07-26T06:40:52.477554+09:00,地方紙,京都,京都新聞,【1999年夏の全国高校野球京都大会】京都韓国学園が外国人学校として初出場 京都府北部勢は悲願の甲子園出場なるか7月25日京都,https://www.kyoto-np.co.jp/articles/-/1752382,https://www.kyoto-np.co.jp/,ok,,
2026-07-26,2026-07-26T06:40:52.477554+09:00,地方紙,京都,京都新聞,猛暑も忘れられる?京都市東山区にある皇室ゆかりの寺 京都御所から移築した建物が並ぶ境内を空撮7月25日市内,https://www.kyoto-np.co.jp/articles/-/1757110,https://www.kyoto-np.co.jp/,ok,,
2026-07-26,2026-07-26T06:40:52.477554+09:00,地方紙,京都,京都新聞,北陸新幹線の京都延伸「東京ドーム16杯分」の残土どこへ 重金属含む土壌も、受け入れ難航予想7月24日地域,https://www.kyoto-np.co.jp/articles/-/1757138,https://www.kyoto-np.co.jp/,ok,,
2026-07-26,2026-07-26T06:40:52.477554+09:00,地方紙,京都,京都新聞,京都市右京区の私立大学はなぜ入学者が堅調だったのか 卒業生に「授業料無料」のプログラムも準備7月24日市内,https://www.kyoto-np.co.jp/articles/-/1756591,https://www.kyoto-np.co.jp/,ok,,
2026-07-26,2026-07-26T06:40:52.477554+09:00,地方紙,京都,京都新聞,織機の「壮行会」、軍需生産、飛行場に空襲... 京都府北部の織物の里が伝える大戦の名残7月24日地域,https://www.kyoto-np.co.jp/articles/-/1754592,https://www.kyoto-np.co.jp/,ok,,
2026-07-26,2026-07-26T06:40:52.477554+09:00,地方紙,京都,京都新聞,【全国高校野球京都大会】白熱の準決勝 勝利数は龍谷大平安高校がトップ 京都国際高校の際立つ勝率7月24日京都,https://www.kyoto-np.co.jp/articles/-/1755855,https://www.kyoto-np.co.jp/,ok,,
2026-07-26,2026-07-26T06:40:52.477554+09:00,地方紙,京都,京都新聞,【1998年夏の全国高校野球京都大会】夏の甲子園初代王者の流れをくむ鳥羽高校が躍動 混戦を抜け出したのは7月24日京都,https://www.kyoto-np.co.jp/articles/-/1752374,https://www.kyoto-np.co.jp/,ok,,
2026-07-26,2026-07-26T06:40:52.477554+09:00,地方紙,兵庫,神戸新聞,津波被災地への救援ルート、どうつなぐ? 南海トラフ想定し道路計画策定 72時間以内の到達目指す,https://www.kobe-np.co.jp/news/society/202607/0020633746.shtml,https://www.kobe-np.co.jp/,ok,,
2026-07-26,2026-07-26T06:40:52.477554+09:00,地方紙,兵庫,神戸新聞,昨秋は大量死が発生、相生カキの返礼品予約スタート 市のふるさと納税「成育順調、今季こそ」,https://www.kobe-np.co.jp/news/seiban/202607/0020633123.shtml,https://www.kobe-np.co.jp/,ok,,
2026-07-26,2026-07-26T06:40:52.477554+09:00,地方紙,兵庫,神戸新聞,大きなアクリル窓で迫力の撮影 姫センに新型サファリバス登場,https://www.kobe-np.co.jp/news/himeji/202607/0020633105.shtml,https://www.kobe-np.co.jp/,ok,,
2026-07-26,2026-07-26T06:40:52.477554+09:00,地方紙,兵庫,神戸新聞,築100年の米蔵が交流拠点に 丹波篠山で有志ら運営 「栗鼠公会堂」始動 アート作品230点展示,https://www.kobe-np.co.jp/news/tanba/202607/0020633045.shtml,https://www.kobe-np.co.jp/,ok,,
2026-07-26,2026-07-26T06:40:52.477554+09:00,地方紙,兵庫,神戸新聞,加古川ご当地グルメ、サイズやソース改良 「かつめし」おいしく復活 兵庫、大阪のセブン-イレブン,https://www.kobe-np.co.jp/news/touban/202607/0020633073.shtml,https://www.kobe-np.co.jp/,ok,,
2026-07-26,2026-07-26T06:40:52.477554+09:00,地方紙,兵庫,神戸新聞,学生手づくりの結婚式、3万円で提供 三田の洋菓子店借り企画 大阪学院大生がカップル募集,https://www.kobe-np.co.jp/news/sanda/202607/0020633070.shtml,https://www.kobe-np.co.jp/,ok,,
2026-07-26,2026-07-26T06:40:52.477554+09:00,地方紙,兵庫,神戸新聞,三宮センタープラザなど、ビル3棟建て替えへ 区分所有者が協議会設立,https://www.kobe-np.co.jp/news/society/202607/0020630261.shtml,https://www.kobe-np.co.jp/,ok,,
2026-07-26,2026-07-26T06:40:52.477554+09:00,地方紙,兵庫,神戸新聞,<ひょうご企業ランキング>(3)純利益 1千億円以上は川崎汽船と川重の2社 トップ30内の変動大きく,https://www.kobe-np.co.jp/news/richa/202607/0020629463.shtml,https://www.kobe-np.co.jp/,ok,,
2026-07-26,2026-07-26T06:40:52.477554+09:00,地方紙,兵庫,神戸新聞,加古川産の綿実油使ったそうめん完成 自慢の細さ、のどごし良く 播磨産綿花の復活目指す「かこっとん」,https://www.kobe-np.co.jp/news/touban/202607/0020633075.shtml,https://www.kobe-np.co.jp/,ok,,
2026-07-26,2026-07-26T06:40:52.477554+09:00,地方紙,兵庫,神戸新聞,甘さ際立つシルクコーン 豊岡・但東、収穫ピーク ぜひ最初の一口は生で,https://www.kobe-np.co.jp/news/tajima/202607/0020633038.shtml,https://www.kobe-np.co.jp/,ok,,
2026-07-26,2026-07-26T06:40:52.477554+09:00,地方紙,兵庫,神戸新聞,神戸・都賀川水難事故から18年、神大生ら現場巡り教訓共有 「橋の下で雨宿り絶対ダメ」,https://www.kobe-np.co.jp/news/kobe/202607/0020633053.shtml,https://www.kobe-np.co.jp/,ok,,
2026-07-26,2026-07-26T06:40:52.477554+09:00,地方紙,兵庫,神戸新聞,兵庫県西・北部豪雨17年 被災地巡り浸水被害実感 佐用町久崎地区、外国人学生や中学生ら「防災町歩き」,https://www.kobe-np.co.jp/news/seiban/202607/0020633128.shtml,https://www.kobe-np.co.jp/,ok,,
2026-07-26,2026-07-26T06:40:52.477554+09:00,地方紙,兵庫,神戸新聞,市長vs議会、加西市で対立先鋭化 引き金は昨夏の「暴言問題」 「市長派」会派解消も影響,https://www.kobe-np.co.jp/news/society/202607/0020625577.shtml,https://www.kobe-np.co.jp/,ok,,
2026-07-26,2026-07-26T06:40:52.477554+09:00,地方紙,兵庫,神戸新聞,SNSで話題、米国発祥スポーツ「ピックルボール」 西宮の部活地域移行で注目 初心者もラリー楽しく,https://www.kobe-np.co.jp/news/hanshin/202607/0020575286.shtml,https://www.kobe-np.co.jp/,ok,,
2026-07-26,2026-07-26T06:40:52.477554+09:00,地方紙,兵庫,神戸新聞,<さいとうさんと「私」再び>対立 乗り越えるには 読者の反響編,https://www.kobe-np.co.jp/news/society/202607/0020625928.shtml,https://www.kobe-np.co.jp/,ok,,
2026-07-26,2026-07-26T06:40:52.477554+09:00,地方紙,兵庫,神戸新聞,神戸市垂水区の「危ない交差点」 住宅街につながる路地、鋭角で交差 高い急ブレーキ発生率,https://www.kobe-np.co.jp/news/richb/202607/0020617389.shtml,https://www.kobe-np.co.jp/,ok,,
2026-07-26,2026-07-26T06:40:52.477554+09:00,地方紙,兵庫,神戸新聞,<近日公開 7月のオススメ記事>王位戦、4コマ漫画「ねえ、ぴよちゃん」、高校野球兵庫大会...etc.,https://www.kobe-np.co.jp/news/richa/202606/0020513434.shtml,https://www.kobe-np.co.jp/,ok,,
2026-07-26,2026-07-26T06:40:52.477554+09:00,地方紙,兵庫,神戸新聞,<柏木一家、旅育中!>(2)雄大な大自然 「ぎゅっと深めた」家族の絆,https://www.kobe-np.co.jp/news/akashi/202607/0020633090.shtml,https://www.kobe-np.co.jp/,ok,,
2026-07-26,2026-07-26T06:40:52.477554+09:00,地方紙,兵庫,神戸新聞,淡路島牛乳のチーズ「カチョカヴァロ」 国際大会で受賞目指す,https://www.kobe-np.co.jp/news/awaji/202607/0020633093.shtml,https://www.kobe-np.co.jp/,ok,,
2026-07-26,2026-07-26T06:40:52.477554+09:00,地方紙,兵庫,神戸新聞,キッザニア甲子園で気分は考古学者、花火師 期間限定パビリオン 化石の発掘や模擬玉作り体験,https://www.kobe-np.co.jp/news/hanshin/202607/0020633061.shtml,https://www.kobe-np.co.jp/,ok,,
2026-07-26,2026-07-26T06:40:52.477554+09:00,地方紙,広島,中国新聞,,,,skipped,利用規約でAI開発目的のディープラーニング等の情報処理・解析利用を明示的に禁止しているため自動取得の対象外とする。,
2026-07-26,2026-07-26T06:40:52.477554+09:00,地方紙,福岡,西日本新聞,,,,skipped,公式RSSはあるが、利用規約でAI学習目的の情報処理・解析利用を明示的に禁止しているため自動取得の対象外とする。,
2026-07-26,2026-07-26T06:40:52.477554+09:00,地方紙,熊本,熊本日日新聞,米民主、急進左派候補選出,https://kumanichi.com/articles/2017836,https://kumanichi.com/rss.xml,ok,,
2026-07-26,2026-07-26T06:40:52.477554+09:00,地方紙,熊本,熊本日日新聞,ロシア、北朝鮮兵3万人要求か,https://kumanichi.com/articles/2017835,https://kumanichi.com/rss.xml,ok,,
2026-07-26,2026-07-26T06:40:52.477554+09:00,地方紙,熊本,熊本日日新聞,相模原殺傷事件、「風化」9割超,https://kumanichi.com/articles/2017831,https://kumanichi.com/rss.xml,ok,,
2026-07-26,2026-07-26T06:40:52.477554+09:00,地方紙,熊本,熊本日日新聞,独で性的少数者イベントに車、負傷者と報道,https://kumanichi.com/articles/2017834,https://kumanichi.com/rss.xml,ok,,
2026-07-26,2026-07-26T06:40:52.477554+09:00,地方紙,熊本,熊本日日新聞,【うちのトレンド】「ネタバレ」特に注意の1冊 蔦屋書店熊本三年坂・迫彩子さん,https://kumanichi.com/articles/2017642,https://kumanichi.com/rss.xml,ok,,
2026-07-26,2026-07-26T06:40:52.477554+09:00,地方紙,熊本,熊本日日新聞,カザフ大統領がプーチン氏に侵攻凍結進言,https://kumanichi.com/articles/2017833,https://kumanichi.com/rss.xml,ok,,
2026-07-26,2026-07-26T06:40:52.477554+09:00,地方紙,熊本,熊本日日新聞,トランプ氏、イラン空爆中止指示,https://kumanichi.com/articles/2017832,https://kumanichi.com/rss.xml,ok,,
2026-07-26,2026-07-26T06:40:52.477554+09:00,地方紙,熊本,熊本日日新聞,川田選手の活躍に期待,https://kumanichi.com/articles/2017803,https://kumanichi.com/rss.xml,ok,,
2026-07-26,2026-07-26T06:40:52.477554+09:00,地方紙,熊本,熊本日日新聞,かば焼きと罪悪感,https://kumanichi.com/articles/2017802,https://kumanichi.com/rss.xml,ok,,
2026-07-26,2026-07-26T06:40:52.477554+09:00,地方紙,熊本,熊本日日新聞,特別国会閉幕 熟議置き去り課題残した,https://kumanichi.com/articles/2017801,https://kumanichi.com/rss.xml,ok,,
2026-07-26,2026-07-26T06:40:52.477554+09:00,地方紙,鹿児島,南日本新聞,【全国高校野球鹿児島大会】神村学園、投打に隙なし 4年連続V第108回全国高校野球選手権鹿児島大会は25日、第1シード神村学園が第7シード鹿児島実を9-0で破り、69校62チームの頂点に立った。神村の優勝は4年連続9度目。鹿実は県内最多となる21度目の夏の甲子園出場を目指したが、序盤の大量失点が響いた。 ◇ 準決勝までの4試合でチーム打率4割超え。神村打線は決勝の舞台でも序盤から快音を響かせた。 初回、先頭今井が右前にしぶとく転がす7月26日 06:30,https://373news.com/news/local/detail/237079/,https://373news.com/,ok,,
2026-07-26,2026-07-26T06:40:52.477554+09:00,地方紙,鹿児島,南日本新聞,「土俵入りすらさせてもらえなかった」...水俣病被害者救済の新たな給付金制度創設法案――審議に入らないまま国会閉幕で廃案に7月26日 06:35,https://373news.com/news/local/detail/237072/,https://373news.com/,ok,,
2026-07-26,2026-07-26T06:40:52.477554+09:00,地方紙,鹿児島,南日本新聞,【全国高校野球鹿児島大会決勝】神村学園・今井 切り込み隊長が口火7月26日 06:30,https://373news.com/news/local/detail/237083/,https://373news.com/,ok,,
2026-07-26,2026-07-26T06:40:52.477554+09:00,地方紙,鹿児島,南日本新聞,【全国高校野球鹿児島大会】神村学園・エース龍頭 無四球完封、圧巻の制球7月26日 06:30,https://373news.com/news/local/detail/237082/,https://373news.com/,ok,,
2026-07-26,2026-07-26T06:40:52.477554+09:00,地方紙,鹿児島,南日本新聞,【全国高校野球鹿児島大会決勝】鹿児島実無念、本塁遠く7月26日 06:30,https://373news.com/news/local/detail/237081/,https://373news.com/,ok,,
2026-07-26,2026-07-26T06:40:52.477554+09:00,地方紙,鹿児島,南日本新聞,【全国高校野球鹿児島大会決勝】鹿児島実エース茂利 「悔しい。もっと投げたかった」7月26日 06:30,https://373news.com/news/local/detail/237080/,https://373news.com/,ok,,
2026-07-26,2026-07-26T06:40:52.477554+09:00,地方紙,鹿児島,南日本新聞,【全国高校野球鹿児島大会決勝】鹿児島実主将・井ノ上兼悟 最後の夏にベンチ入り 「みんなと決勝まで来られ良かった」7月26日 06:30,https://373news.com/news/local/detail/237077/,https://373news.com/,ok,,
2026-07-26,2026-07-26T06:40:52.477554+09:00,地方紙,鹿児島,南日本新聞,喜入38.1度、鹿児島37.8度...5地点が観測史上最高 鹿屋で200人ずぶぬれ、ミャンマーの「水かけ祭り」7月25日 23:24,https://373news.com/news/local/detail/237074/,https://373news.com/,ok,,
2026-07-26,2026-07-26T06:40:52.477554+09:00,地方紙,鹿児島,南日本新聞,熱中症か、30代女性が屋内で意識不明 肝付町7月25日 23:14,https://373news.com/news/local/detail/237073/,https://373news.com/,ok,,
2026-07-26,2026-07-26T06:40:52.477554+09:00,地方紙,鹿児島,南日本新聞,2天文館のど真ん中で温泉の掘削作業...鹿児島市千日町の「ホテルニューニシノ」 既存施設が破損、新たな源泉求めて地下1000メートル近くまで計画,https://373news.com/news/local/detail/236999/,https://373news.com/,ok,,
2026-07-26,2026-07-26T06:40:52.477554+09:00,地方紙,鹿児島,南日本新聞,3遊泳中の80歳女性死亡 孫が海から上がった後、浅瀬でうつぶせに 阿久根市,https://373news.com/news/local/detail/237075/,https://373news.com/,ok,,
2026-07-26,2026-07-26T06:40:52.477554+09:00,地方紙,鹿児島,南日本新聞,4部活動送迎中、高校生5人軽いけが 車2台が衝突1台横転 姶良市加治木の国道10号交差点,https://373news.com/news/local/detail/237026/,https://373news.com/,ok,,
2026-07-26,2026-07-26T06:40:52.477554+09:00,地方紙,鹿児島,南日本新聞,5「煙が上がっている」近くの住民が119番...住家の2階部分焼く 霧島市,https://373news.com/news/local/detail/237034/,https://373news.com/,ok,,
2026-07-26,2026-07-26T06:40:52.477554+09:00,地方紙,鹿児島,南日本新聞,6神村学園、4年連続の甲子園 鹿児島実に9-0 全国高校野球鹿児島大会,https://373news.com/news/local/detail/237052/,https://373news.com/,ok,,
2026-07-26,2026-07-26T06:40:52.477554+09:00,地方紙,鹿児島,南日本新聞,7未舗装道路から農業用重機転落、運転の41歳男性死亡 畑に向かう途中だったか 天城町,https://373news.com/news/local/detail/237032/,https://373news.com/,ok,,
2026-07-26,2026-07-26T06:40:52.477554+09:00,地方紙,鹿児島,南日本新聞,8改正法施行後、酒酔い運転容疑で県内初の逮捕者――午後3時半、38歳男が丁字路交差点で軽乗用車に衝突 徳之島,https://373news.com/news/local/detail/237042/,https://373news.com/,ok,,
2026-07-26,2026-07-26T06:40:52.477554+09:00,地方紙,鹿児島,南日本新聞,9ヒマワリ6万6000本見頃――鹿児島市都市農業センター 25・26日、8月2日に「ひまわりマルシェ」...キッチンカー出店、地元野菜販売,https://373news.com/news/local/detail/237045/,https://373news.com/,ok,,
2026-07-26,2026-07-26T06:40:52.477554+09:00,地方紙,鹿児島,南日本新聞,10川で発見の遺体、霧島市で行方不明の5歳男児と判明 鹿児島県警,https://373news.com/news/local/detail/237020/,https://373news.com/,ok,,
2026-07-26,2026-07-26T06:40:52.477554+09:00,地方紙,鹿児島,南日本新聞,「あって当然」「心の中に踏み込むようだ」...国会で審議続く国旗損壊罪 「日の丸のふるさと」鹿児島の人たちの思いはさまざま7月6日 14:48,http://373news.com/lineup/kotimina/detail/236152/,https://373news.com/,ok,,
2026-07-26,2026-07-26T06:40:52.477554+09:00,地方紙,鹿児島,南日本新聞,ロシア、北朝鮮兵3万人要求か ゼレンスキー大統領が主張7月26日 06:17,http://373news.com/news/national/detail/2026072601000096/,https://373news.com/,ok,,
2026-07-26,2026-07-26T06:40:52.477554+09:00,地方紙,沖縄,琉球新報,,,,skipped,利用規約で複製・複写・送信・頒布・蓄積・転載等を会社の承認なく行うことを広範に禁止しているため自動取得の対象外とする。,
2026-07-26,2026-07-26T06:40:52.477554+09:00,地方紙,沖縄,沖縄タイムス,ジャングリア開業1年間で来場100万人 売上高は100億円 採算目安割り込む 損益は非公表【実績と経済効果】7月26日 5:10ジャングリア,https://www.okinawatimes.co.jp/articles/-/1888278,https://www.okinawatimes.co.jp/,ok,,
2026-07-26,2026-07-26T06:40:52.477554+09:00,地方紙,沖縄,沖縄タイムス,外国人の永住許可要件 政府が厳格化へ 日本人世帯の平均以上の年収求める【ガイドライン改定のポイント】5:30有料#外国人,https://www.okinawatimes.co.jp/articles/-/1888279,https://www.okinawatimes.co.jp/,ok,,
2026-07-26,2026-07-26T06:40:52.477554+09:00,地方紙,沖縄,沖縄タイムス,世界自然遺産の沖縄・奄美 観光管理・ロードキル・河川再生・森林管理...残る課題5:40有料#世界自然遺産,https://www.okinawatimes.co.jp/articles/-/1888280,https://www.okinawatimes.co.jp/,ok,,
2026-07-26,2026-07-26T06:40:52.477554+09:00,地方紙,沖縄,沖縄タイムス,「重い障害あっても一人一人に感情も意思もある」やまゆり園殺害事件から10年 追悼式に190人出席 神奈川の障がい者施設で19人殺害5:50有料#事件・事故,https://www.okinawatimes.co.jp/articles/-/1888281,https://www.okinawatimes.co.jp/,ok,,
2026-07-26,2026-07-26T06:40:52.477554+09:00,地方紙,沖縄,沖縄タイムス,[大弦小弦]いいかげんな国と国の約束 住民の悲願ないがしろ6:10有料#大弦小弦,https://www.okinawatimes.co.jp/articles/-/1888282,https://www.okinawatimes.co.jp/,ok,,
2026-07-26,2026-07-26T06:40:52.477554+09:00,地方紙,沖縄,沖縄タイムス,ウナギで暑さ乗り切って 7月26日は「土用丑の日」 那覇市の「彦」本店は忙しさピークに17:38#土用丑の日,https://www.okinawatimes.co.jp/articles/-/1888126,https://www.okinawatimes.co.jp/,ok,,
2026-07-26,2026-07-26T06:40:52.477554+09:00,地方紙,沖縄,沖縄タイムス,宜野座村のタラソセンター、一部エリアで営業再開 7月中旬にスパ施設の天井落下で臨時休業17:57#宜野座村,https://www.okinawatimes.co.jp/articles/-/1888121,https://www.okinawatimes.co.jp/,ok,,
2026-07-26,2026-07-26T06:40:52.477554+09:00,地方紙,沖縄,沖縄タイムス,【県中学総体】軟式野球は大宮が10年ぶりの栄冠 ハンドボール男子は浦添、女子は神森が優勝(写真5枚)19:33有料#県中学総体,https://www.okinawatimes.co.jp/articles/-/1888158,https://www.okinawatimes.co.jp/,ok,,
2026-07-26,2026-07-26T06:40:52.477554+09:00,地方紙,沖縄,沖縄タイムス,米国で沖縄拳法セミナー 延べ365人が基本や型を学ぶ 7月30日開催の世界大会のPR兼ねる21:08#沖縄拳法,https://www.okinawatimes.co.jp/articles/-/1888166,https://www.okinawatimes.co.jp/,ok,,
2026-07-26,2026-07-26T06:40:52.477554+09:00,地方紙,沖縄,沖縄タイムス,中道「合流議論進む」 屋良氏が離党意向 「辺野古反対」に懸念強く4:00有料#政治,https://www.okinawatimes.co.jp/articles/-/1888284,https://www.okinawatimes.co.jp/,ok,,
2026-07-26,2026-07-26T06:40:52.477554+09:00,地方紙,沖縄,沖縄タイムス,魅力発信へ意欲 ジャングリア開業1年で会見4:00有料#経済,https://www.okinawatimes.co.jp/articles/-/1888293,https://www.okinawatimes.co.jp/,ok,,
2026-07-26,2026-07-26T06:40:52.477554+09:00,地方紙,沖縄,沖縄タイムス,[世界自然遺産 登録から5年](2) 「一匹くらい」 軽い考え 地元 抑止へ地道な活動 希少種狙った密猟横行4:00有料#社会・くらし,https://www.okinawatimes.co.jp/articles/-/1888328,https://www.okinawatimes.co.jp/,ok,,
2026-07-26,2026-07-26T06:40:52.477554+09:00,地方紙,沖縄,沖縄タイムス,障がい者差別変わったか 「津久井やまゆり園」入所者殺害事件から10年 実際に接して学ぶ共生 若竹福祉会理事長 村田凉子さん 当事者の立場で考えて 息子が重度知的障がい 仲村美和さん4:00有料#社会・くらし,https://www.okinawatimes.co.jp/articles/-/1888321,https://www.okinawatimes.co.jp/,ok,,
2026-07-26,2026-07-26T06:40:52.477554+09:00,地方紙,沖縄,沖縄タイムス,西表に自己完結 電源いらず 配管いらず トイレ 水循環式 住民らの一助に 無線通信整備も計画 NTNと竹富町 包括連携4:00有料#地域,https://www.okinawatimes.co.jp/articles/-/1888210,https://www.okinawatimes.co.jp/,ok,,
2026-07-26,2026-07-26T06:40:52.477554+09:00,地方紙,沖縄,沖縄タイムス,米の県系4世、親戚と対面 先祖の墓で報告「初めて会うのに親しみ」 スガノさん 金武にルーツ4:00有料#地域,https://www.okinawatimes.co.jp/articles/-/1888203,https://www.okinawatimes.co.jp/,ok,,
2026-07-26,2026-07-26T06:40:52.477554+09:00,地方紙,沖縄,沖縄タイムス,大宮頂点 完封リレー 先発神山 強気の直球4:00有料#スポーツ,https://www.okinawatimes.co.jp/articles/-/1888352,https://www.okinawatimes.co.jp/,ok,,
2026-07-26,2026-07-26T06:40:52.477554+09:00,地方紙,沖縄,沖縄タイムス,仲座健太 さんがコメント(7月25日 18:03),https://www.okinawatimes.co.jp/articles/-/1887713,https://www.okinawatimes.co.jp/,ok,,
2026-07-26,2026-07-26T06:40:52.477554+09:00,地方紙,沖縄,沖縄タイムス,大城勝太 さんがコメント(7月25日 9:47),https://www.okinawatimes.co.jp/articles/-/1887785,https://www.okinawatimes.co.jp/,ok,,
